Название скина,Боец,Редкость,Цена,Добавочная цена,Тематика,АРХИВНОСТЬ
Бандитка Шелли,Шелли,1,29,0,Бандиты,-
Бока Хуниорс Шелли,Шелли,1,29,0,ML,+
Америка Шелли,Шелли,1,29,0,ML,+
Универсидад де Чили Шелли,Шелли,1,29,0,ML,+
Классическая Шелли,Шелли,1,29,0,Классические,+
Панда Нита,Нита,1,29,0,=,-
Рок-звезда Кольт,Кольт,1,29,0,=,-
Бандит Кольт,Кольт,1,29,0,Бандиты,-
Серро Портеньо Кольт,Кольт,1,29,0,ML,+
Атлетико Насьональ Кольт,Кольт,1,29,0,ML,+
Ривер Плейт Кольт,Кольт,1,29,0,ML,+
Клуб Америка Кольт,Кольт,1,29,0,ML,+
ЗомБрок,Брок,1,29,0,Хеллоуин,-
Университарио Эль Примо,Эль Примо,1,29,0,ML,+
Насьональ Эль Примо,Эль Примо,1,29,0,ML,+
Корританс Эль Примо,Эль Примо,1,29,0,ML,+
Позолоченный Барли,Барли,1,29,0,=,-
Кукла Джесси,Джесси,1,29,0,День святого Валентина,-
Классический 8-Бит,8-Бит,1,29,0,=,-
Гоблин Карл,Карл,1,29,0,=,-
Строительница Джеки,Джеки,1,29,0,=,-
Бойскаут Гас,Гас,1,29,0,=,-
Воин Бо,Бо,1,29,0,=,-
Суперзвезда Сту,Сту,1,29,0,Экстрим-Шоу,-
Выскочка Эмз,Эмз,1,29,0,Академия Brawl,-
Розовая Пайпер,Пайпер,1,29,0,=,-
Бабл-гам Биби,Биби,1,29,0,Конфетная страна,-
Божья Коровка Беа,Беа,1,29,0,=,-
Ретро Нани,Нани,1,29,0,=,-
Эдгар в Маске,Эдгар,1,29,0,=,-
Единорожка Бонни,Бонни,1,29,0,=,-
ФутБонни,Бонни,1,29,0,Футбол,-
Мишка Сэм,Сэм,1,29,0,День святого Валентина,-
MC Мэнди,Мэнди,1,29,0,=,-
Технарь Мэйси,Мэйси,1,29,0,=,-
Акула Хэнк,Хэнк,1,29,0,=,-
Винтажная Пёрл,Перл,1,29,0,=,-
Ларри и Лори Контроль,Ларри и Лори,1,29,0,=,-
Эльф Анджело,Анджело,1,29,0,=,-
Старра,Тара,1,29,0,=,-
GT Макс,Макс,1,29,0,=,-
Агент П.,Мистер П.,1,29,0,=,-
Тропический Спраут,Спраут,1,29,0,Лето в Суперсити,-
Канцелярский Скуик,Скуик,1,29,0,=,-
Кайдзю Базз,Базз,1,29,0,Лето в Суперсити,-
Реактивная Джанет,Джанет,1,29,0,Экшн-герои,-
Беглец Грей,Грей,1,29,0,=,-
Аксолотль Виллоу,Виллоу,1,29,0,=,-
Сержант Р-Т,RT,1,29,0,=,-
Дракон Даг,Даг,1,29,0,=,-
Адский Чак,Чак,1,29,0,=,-
Паучиха Чарли,Чарли,1,29,0,=,-
Месье Мико,Мико,1,29,0,=,-
Сиф Мелоди,Мелоди,1,29,0,=,-
Спайк в маске,Спайк,1,29,0,Магазин сувениров,-
Бродячий Леон,Леон,1,29,0,=,-
Сонный Сэнди,Сэнди,1,29,0,=,-
Тёмный Честер,Честер,1,29,0,=,-
Лига де Кито Майк,Динамайк,1,49,0,ML,+
Фламенго Майк,Динамайк,1,49,0,ML,+
Гвадалахара Майк,Динамайк,1,49,0,ML,+
Серебряная Шелли,Шелли,1,769,0,Серебряные скины,-
Золотая Шелли,Шелли,1,769,1153,Золотые скины,-
Серебряная Нита,Нита,1,769,0,Серебряные скины,-
Золотая Нита,Нита,1,769,1153,Золотые скины,-
Серебряный Кольт,Кольт,1,769,0,Серебряные скины,-
Золотой Кольт,Кольт,1,769,1153,Золотые скины,-
Серебряный Булл,Булл,1,769,0,Серебряные скины,-
Золотой Булл,Булл,1,769,1153,Золотые скины,-
Серебряный Брок,Брок,1,769,0,Серебряные скины,-
Золотой Брок,Брок,1,769,1153,Золотые скины,-
Серебряный Эль Примо,Эль Примо,1,769,0,Серебряные скины,-
Золотой Эль Примо,Эль Примо,1,769,1153,Золотые скины,-
Серебряный Барли,Барли,1,769,0,Серебряные скины,-
Золотой Барли,Барли,1,769,1153,Золотые скины,-
Серебряный Поко,Поко,1,769,0,Серебряные скины,-
Золотой Поко,Поко,1,769,1153,Золотые скины,-
Серебряная Роза,Роза,1,769,0,Серебряные скины,-
Золотая Роза,Роза,1,769,1153,Золотые скины,-
Серебряная Джесси,Джесси,1,769,0,Серебряные скины,-
Золотая Джесси,Джесси,1,769,1153,Золотые скины,-
Серебряный Динамайк,Динамайк,1,769,0,Серебряные скины,-
Золотой Динамайк,Динамайк,1,769,1153,Золотые скины,-
Серебряный Тик,Тик,1,769,0,Серебряные скины,-
Золотой Тик,Тик,1,769,1153,Золотые скины,-
Серебряный 8-Бит,8-Бит,1,769,0,Серебряные скины,-
Золотой 8-Бит,8-Бит,1,769,1153,Золотые скины,-
Серебряный Рико,Рико,1,769,0,Серебряные скины,-
Золотой Рико,Рико,1,769,1153,Золотые скины,-
Серебряный Дэррил,Дэррил,1,769,0,Серебряные скины,-
Золотой Дэррил,Дэррил,1,769,1153,Золотые скины,-
Серебряная Пенни,Пенни,1,769,0,Серебряные скины,-
Золотая Пенни,Пенни,1,769,1153,Золотые скины,-
Серебряный Карл,Карл,1,769,0,Серебряные скины,-
Золотой Карл,Карл,1,769,1153,Золотые скины,-
Серебряная Джеки,Джеки,1,769,0,Серебряные скины,-
Золотая Джеки,Джеки,1,769,1153,Золотые скины,-
Серебряный Гас,Гас,1,769,0,Серебряные скины,-
Золотой Гас,Гас,1,769,1153,Золотые скины,-
Серебряный Бо,Бо,1,769,0,Серебряные скины,-
Золотой Бо,Бо,1,769,1153,Золотые скины,-
Серебряная Эмз,Эмз,1,769,0,Серебряные скины,-
Золотая Эмз,Эмз,1,769,1153,Золотые скины,-
Серебряный Сту,Сту,1,769,0,Серебряные скины,-
Золотой Сту,Сту,1,769,1153,Золотые скины,-
Серебряная Пайпер,Пайпер,1,769,0,Серебряные скины,-
Золотая Пайпер,Пайпер,1,769,1153,Золотые скины,-
Серебряная Пэм,Пэм,1,769,0,Серебряные скины,-
Золотая Пэм,Пэм,1,769,1153,Золотые скины,-
Серебряный Фрэнк,Фрэнк,1,769,0,Серебряные скины,-
Золотой Фрэнк,Фрэнк,1,769,1153,Золотые скины,-
Серебряная Биби,Биби,1,769,0,Серебряные скины,-
Золотая Биби,Биби,1,769,1153,Золотые скины,-
Серебряная Беа,Беа,1,769,0,Серебряные скины,-
Золотая Беа,Беа,1,769,1153,Золотые скины,-
Серебряная Нани,Нани,1,769,0,Серебряные скины,-
Золотая Нани,Нани,1,769,1153,Золотые скины,-
Серебряный Эдгар,Эдгар,1,769,0,Серебряные скины,-
Золотой Эдгар,Эдгар,1,769,1153,Золотые скины,-
Серебряный Грифф,Грифф,1,769,0,Серебряные скины,-
Золотой Грифф,Грифф,1,769,1153,Золотые скины,-
Серебряный Гром,Гром,1,769,0,Серебряные скины,-
Золотой Гром,Гром,1,769,1153,Золотые скины,-
Серебряная Бонни,Бонни,1,769,0,Серебряные скины,-
Золотая Бонни,Бонни,1,769,1153,Золотые скины,-
Серебряный Гэйл,Гэйл,1,769,0,Серебряные скины,-
Золотой Гэйл,Гэйл,1,769,1153,Золотые скины,-
Серебряная Колетт,Колетт,1,769,0,Серебряные скины,-
Золотая Колетт,Колетт,1,769,1153,Золотые скины,-
Серебряная Белль,Белль,1,769,0,Серебряные скины,-
Золотая Белль,Белль,1,769,1153,Золотые скины,-
Серебряный Эш,Эш,1,769,0,Серебряные скины,-
Золотой Эш,Эш,1,769,1153,Золотые скины,-
Серебряная Лола,Лола,1,769,0,Серебряные скины,-
Золотая Лола,Лола,1,769,1153,Золотые скины,-
Серебряный Сэм,Сэм,1,769,0,Серебряные скины,-
Золотой Сэм,Сэм,1,769,1153,Золотые скины,-
Серебряная Мэнди,Мэнди,1,769,0,Серебряные скины,-
Золотая Мэнди,Мэнди,1,769,1153,Золотые скины,-
Серебряная Мэйси,Мэйси,1,769,0,Серебряные скины,-
Золотая Мэйси,Мэйси,1,769,1153,Золотые скины,-
Серебряный Хэнк,Хэнк,1,769,0,Серебряные скины,-
Золотой Хэнк,Хэнк,1,769,1153,Золотые скины,-
Серебряная Перл,Перл,1,769,0,Серебряные скины,-
Золотая Перл,Перл,1,769,1153,Золотые скины,-
Серебряный Ларри и Лори,Ларри и Лори,1,769,0,Серебряные скины,-
Золотой Ларри и Лори,Ларри и Лори,1,769,1153,Золотые скины,-
Серебряный Анджело,Анджело,1,769,0,Серебряные скины,-
Золотой Анджело,Анджело,1,769,1153,Золотые скины,-
Серебряный Мортис,Мортис,1,769,0,Серебряные скины,-
Золотой Мортис,Мортис,1,769,1153,Золотые скины,-
Серебряная Тара,Тара,1,769,0,Серебряные скины,-
Золотая Тара,Тара,1,769,1153,Золотые скины,-
Серебряный Джин,Джин,1,769,0,Серебряные скины,-
Золотой Джин,Джин,1,769,1153,Золотые скины,-
Серебряная Макс,Макс,1,769,0,Серебряные скины,-
Золотая Макс,Макс,1,769,1153,Золотые скины,-
Серебряный Мистер П,Мистер П.,1,769,0,Серебряные скины,-
Золотой Мистер П,Мистер П.,1,769,1153,Золотые скины,-
Серебряный Спраут,Спраут,1,769,0,Серебряные скины,-
Золотой Спраут,Спраут,1,769,1153,Золотые скины,-
Серебряный Байрон,Байрон,1,769,0,Серебряные скины,-
Золотой Байрон,Байрон,1,769,1153,Золотые скины,-
Серебряный Скуик,Скуик,1,769,0,Серебряные скины,-
Золотой Скуик,Скуик,1,769,1153,Золотые скины,-
Серебряный Лу,Лу,1,769,0,Серебряные скины,-
Золотой Лу,Лу,1,769,1153,Золотые скины,-
Серебряный Гавс,Гавс,1,769,0,Серебряные скины,-
Золотой Гавс,Гавс,1,769,1153,Золотые скины,-
Серебряный Базз,Базз,1,769,0,Серебряные скины,-
Золотой Базз,Базз,1,769,1153,Золотые скины,-
Серебряный Фэнг,Фэнг,1,769,0,Серебряные скины,-
Золотой Фэнг,Фэнг,1,769,1153,Золотые скины,-
Серебряная Ева,Ева,1,769,0,Серебряные скины,-
Золотая Ева,Ева,1,769,1153,Золотые скины,-
Серебряная Джанет,Джанет,1,769,0,Серебряные скины,-
Золотая Джанет,Джанет,1,769,1153,Золотые скины,-
Серебряный Отис,Отис,1,769,0,Серебряные скины,-
Золотой Отис,Отис,1,769,1153,Золотые скины,-
Серебряный Бастер,Бастер,1,769,0,Серебряные скины,-
Золотой Бастер,Бастер,1,769,1153,Золотые скины,-
Серебряный Грей,Грей,1,769,0,Серебряные скины,-
Золотой Грей,Грей,1,769,1153,Золотые скины,-
Серебряный RT,RT,1,769,0,Серебряные скины,-
Золотой RT,RT,1,769,1153,Золотые скины,-
Серебряная Виллоу,Виллоу,1,769,0,Серебряные скины,-
Золотая Виллоу,Виллоу,1,769,1153,Золотые скины,-
Серебряный Даг,Даг,1,769,0,Серебряные скины,-
Золотой Даг,Даг,1,769,1153,Золотые скины,-
Серебряный Чак,Чак,1,769,0,Серебряные скины,-
Золотой Чак,Чак,1,769,1153,Золотые скины,-
Серебряная Чарли,Чарли,1,769,0,Серебряные скины,-
Золотая Чарли,Чарли,1,769,1153,Золотые скины,-
Серебряный Мико,Мико,1,769,0,Серебряные скины,-
Золотой Мико,Мико,1,769,1153,Золотые скины,-
Серебряная Мелоди,Мелоди,1,769,0,Серебряные скины,-
Золотая Мелоди,Мелоди,1,769,1153,Золотые скины,-
Серебряный Спайк,Спайк,1,769,0,Серебряные скины,-
Золотой Спайк,Спайк,1,769,1153,Золотые скины,-
Серебряный Ворон,Ворон,1,769,0,Серебряные скины,-
Золотой Ворон,Ворон,1,769,1153,Золотые скины,-
Серебряный Леон,Леон,1,769,0,Серебряные скины,-
Золотой Леон,Леон,1,769,1153,Золотые скины,-
Серебряный Сэнди,Сэнди,1,769,0,Серебряные скины,-
Золотой Сэнди,Сэнди,1,769,1153,Золотые скины,-
Серебряная Амбер,Амбер,1,769,0,Серебряные скины,-
Золотая Амбер,Амбер,1,769,1153,Золотые скины,-
Серебряная Мэг,Мэг,1,769,0,Серебряные скины,-
Золотая Мэг,Мэг,1,769,1153,Золотые скины,-
Серебряный Вольт,Вольт,1,769,0,Серебряные скины,-
Золотой Вольт,Вольт,1,769,1153,Золотые скины,-
Серебряный Честер,Честер,1,769,0,Серебряные скины,-
Золотой Честер,Честер,1,769,1153,Золотые скины,-
Серебряный Корделиус,Корделиус,1,769,0,Серебряные скины,-
Золотой Корделиус,Корделиус,1,769,1153,Золотые скины,-
Серебряный Кит,Кит,1,769,0,Серебряные скины,-
Золотой Кит,Кит,1,769,1153,Золотые скины,-
Принцесса Шелли,Шелли,2,0,0,Brawl Pass,+
Ганфайтер Кольт,Кольт,2,0,0,Brawl Pass,+
Король варваров Булл,Булл,2,0,0,Clash of Clans,+
Б-800,Булл,2,0,0,Brawl Pass,+
Суперрейнджер Брок,Брок,2,0,0,Brawl Pass,+
Ретро Брок,Брок,2,0,0,Классические,+
Поко Старр,Поко,2,0,0,Brawl Pass,+
Майор Роза,Роза,2,0,0,Brawl Pass,+
Красный Дракон Джесси,Джесси,2,0,0,Китайский БС,+
Портье Майк,Динамайк,2,0,0,Brawl Pass,+
Рикошет,Рико,2,0,0,Классические,+
D4Y-RY1,Дэррил,2,0,0,Brawl Pass,+
Шелли PSG,Шелли,2,79,0,PSG,-
Коала Нита,Нита,2,79,0,=,-
Морская Нита,Нита,2,79,0,Supercell Make,-
Мармеладная Нита,Нита,2,79,0,Brawl Pass,-
Красавчик Кольт,Кольт,2,79,0,=,-
Акула Кольт,Кольт,2,79,0,Brawl Pass,-
Тачдаун Булл,Булл,2,79,0,Супер Бравл,-
Полузащитник Булл,Булл,2,79,29,Супер Бравл,-
Викинг Булл,Булл,2,79,0,Рагнарек,-
Пляжный Брок,Брок,2,79,0,Лето в Суперсити,-
Брейкдансер Брок,Брок,2,79,0,=,-
Эль Рудо Примо,Эль Примо,2,79,0,=,-
Эль Атомико,Эль Примо,2,79,0,Пустоши,-
Эль Корасон,Эль Примо,2,79,0,День святого Валентина,-
Кленовый Барли,Барли,2,79,0,=,-
Алый Волшебник Барли,Барли,2,79,29,Clash of Clans,-
Рыцарь-Единорог Барли,Барли,2,79,0,Однажды в бою,-
Пират Поко,Поко,2,79,0,Пираты,-
Хеллоуинская Роза,Роза,2,79,0,Хеллоуин,-
Летняя Джесси,Джесси,2,79,0,Лето в Суперсити,-
Санта Майк,Динамайк,2,79,0,Новый год,+
Краб Тик,Тик,2,79,0,Роботы и монстры,-
Снеговик Тик,Тик,2,79,0,Новый год,-
V8-Бит,8-Бит,2,79,0,Ретрополис,-
Светлячок Рико,Рико,2,79,0,Brawl Pass,-
Соевый Дэррил,Дэррил,2,79,0,Лунный новый год,+
Талисман Дэррил,Дэррил,2,79,0,Футбол,-
Помощница Пенни,Пенни,2,79,0,Новый год,+
Зайка Пенни,Пенни,2,79,0,Кроличья бригада,-
Тёмная Зайка Пенни,Пенни,2,79,29,Кроличья бригада,-
Всадник на кабане Карл,Карл,2,79,0,Clash of Clans,-
Безумный Карл,Карл,2,79,0,Ретрополис,-
Карл LEONARD,Карл,2,79,0,BROWN&FRIENDS,-
Джеки с подарками,Джеки,2,79,0,Новый год,-
Гас SALLY,Гас,2,79,0,BROWN&FRIENDS,-
Хо-Хо-Хо Бо,Бо,2,79,0,Новый год,-
Харадзюку Эмз,Эмз,2,79,0,Милота,-
Дикий Сту,Сту,2,79,0,Bad Randoms,-
Калавера Пайпер,Пайпер,2,79,0,Хеллоуин,+
Пайпер CHOCO,Пайпер,2,79,0,BROWN&FRIENDS,-
Пляжная Пэм,Пэм,2,79,0,Лето в Суперсити,-
Финансистка Пэм,Пэм,2,79,0,=,-
Пещерный Фрэнк,Фрэнк,2,79,0,=,-
Диджей Фрэнк,Фрэнк,2,79,0,=,-
ЗомБиби,Биби,2,79,0,Supercell Make,-
Мстительница Биби,Биби,2,79,0,=,-
Ужасная Биби,Биби,2,79,0,=,-
Нэко Беа,Беа,2,79,0,Милота,-
Архизлодейка Беа,Беа,2,79,0,Supercell Make,-
Колокольчик Нани,Нани,2,79,0,Кроличья бригада,-
Молниеносный Эдгар,Эдгар,2,79,0,Бандиты,-
Игровой автомат Грифф,Грифф,2,79,0,Лунный новый год,-
Зайка Гром,Гром,2,79,0,Кроличья бригада,-
Навигатор Колетт,Колетт,2,79,0,Лунный новый год,-
Колетт CONY,Колетт,2,79,0,BROWN&FRIENDS,-
Ядоитый Плющ Белль,Белль,2,79,0,Биокупол,-
Крампус Эш,Эш,2,79,0,Тёмный новый год,-
Галактическая Лола,Лола,2,79,0,Космические злодеи,-
Злой Клоун Сэм,Сэм,2,79,0,Странный цирк,-
Пляжный Мортис,Мортис,2,79,0,Лето в Суперсити,-
Ниндзя Тара,Тара,2,79,0,Лунный новый год,+
Пират Джин,Джин,2,79,0,Пираты,-
Болотный Джин,Джин,2,79,0,Хеллоуин,-
Стритстайл Макс,Макс,2,79,0,Роботы и монстры,-
Макс-Гермес,Макс,2,79,0,Легенды Олимпа,-
Леопард Макс,Макс,2,79,0,Герои боя в Джунглях,-
Пантера Макс,Макс,2,79,29,Герои боя в Джунглях,-
Граф Пингвула,Мистер П.,2,79,0,Хеллоуин,-
Мистер Муха,Мистер П.,2,79,0,Биокупол,-
Дарума Мистер П.,Мистер П.,2,79,0,Милота,-
Изумрудный Принц Спраут,Спраут,2,79,0,Однажды в бою,-
Рубиновый Принц Спраут,Спраут,2,79,0,Однажды в бою,-
Мутант Спраут,Спраут,2,79,0,Биокупол,-
Призрак Скуик,Скуик,2,79,0,Хеллоуин,-
Картошка Скуик,Скуик,2,79,0,Клубная лига,-
Лунный заяц Скуик,Скуик,2,79,0,Лунные истории,-
Коммандо Скуик,Скуик,2,79,0,Экшн-герои,-
Стильный Лу,Лу,2,79,0,День святого Валентина,-
Бургер Лу,Лу,2,79,0,Закуска Старр,-
Шериф Гавс,Гавс,2,79,0,Бандиты,-
Осьминог Фэнг,Фэнг,2,79,0,Лига морских глубин,-
Поп-Звезда Джанет,Джанет,2,79,0,=,-
Детектив Грей,Грей,2,79,0,Лицензия на бой,-
"Детектив Грей: Версия ""Нуар""",Грей,2,79,29,Лицензия на бой,-
Скорпион Виллоу,Виллоу,2,79,0,Пустоши,-
Сакура Спайк,Спайк,2,79,0,Милота,-
Бревновогодний Спайк,Спайк,2,79,0,Новый год,-
Пиротехник Спайк,Спайк,2,79,0,Экстрим-Шоу,-
Белый Ворон,Ворон,2,79,0,=,-
Капитан Ворон,Ворон,2,79,0,Бравливуд,-
Акула Леон,Леон,2,79,0,Лето в Суперсити,-
Леон SALLY,Леон,2,79,0,BROWN&FRIENDS,-
Динозавр Леон,Леон,2,79,0,Лето в Суперсити,-
Хэллоуинский Леон,Леон,2,79,0,Хеллоуин,-
Сладкоежка Сэнди,Сэнди,2,79,0,Магазин сувениров,-
Жук Мэг,Мэг,2,79,0,Биокупол,-
Самодельный Вольт,Вольт,2,79,0,=,-
Вольт-Конг,Вольт,2,79,0,Бравливуд,-
Лесной Дух Честер,Честер,2,79,0,Зачарованный лес,-
Ведьма Шелли,Шелли,3,149,0,Хеллоуин,+
Танцовщица Шелли,Шелли,3,149,0,Пески времени,-
Бирюзовая Танцовщица Шелли,Шелли,3,149,?,Пески времени,-
Сиреневая Танцовщица Шелли,Шелли,3,149,?,Пески времени,-
Нита Красный нос,Нита,3,149,0,Новый год,+
Сиба-ину Нита,Нита,3,149,0,Милота,-
Нянь Нита,Нита,3,149,0,Ранговый бой,-
Гвардеец Кольт,Кольт,3,149,0,Лунный новый год,+
Корсар Кольт,Кольт,3,149,0,Пираты,-
Дуэлянт Кольт,Кольт,3,149,0,Чемпионат Мира,+
Банановый Кольт,Кольт,3,149,0,Герои боя в джунглях,-
Тёмный Ангел Кольт,Кольт,3,149,0,Supercell Make,-
Астробык Булл,Булл,3,149,0,Лунный новый год,-
Лев Булл,Булл,3,149,0,Клубная лига,-
Бродячий кот Булл,Булл,3,149,0,Лицензия на бой,-
Булл MANG,Булл,3,149,0,BROWN&FRIENDS,-
Кунг-Фу Брок,Брок,3,149,0,Лунный новый год,-
Стритрейсер Брок,Брок,3,149,0,Ретрополис,-
Почтальон Брок,Брок,3,149,0,Ранговый бой,-
Брок BROWN,Брок,3,149,0,BROWN&FRIENDS,-
Эль Рей Примо,Эль Примо,3,149,0,=,-
Эль BROWN,Эль Примо,3,149,0,BROWN&FRIENDS,-
Эль Дракон Вердозо,Эль Примо,3,149,0,Однажды в бою,-
Эль Тигро,Эль Примо,3,149,0,Лунный новый год,-
Эль Дракон Розадо,Эль Примо,3,149,0,Однажды в бою,-
Эль Акулёнок,Эль Примо,3,149,0,Скины Акулёнка,-
Барли с плюшками,Барли,3,149,0,Ретрополис,-
Великий Мастер Барли,Барли,3,149,0,Лунный новый год,-
Менестрель Поко,Поко,3,149,0,День святого Валентина,-
Трэшер Поко,Поко,3,149,0,Bad Randoms,-
Десперадо Поко,Поко,3,149,0,Brawl Pass,-
Поко с видеозаписи,Поко,3,149,0,Происхождение парка Старр,-
Коко-Роза,Роза,3,149,0,Лето в Суперсити,-
Богомол Роза,Роза,3,149,0,Биокупол,-
Болельщица Роза,Роза,3,149,0,Академия Бравл,-
Драконоборец Джесси,Джесси,3,149,0,Однажды в бою,-
Тёмный Драконоборец Джесси,Джесси,3,149,39,Однажды в бою,-
Тануки Джесси,Джесси,3,149,0,Милота,-
Кошка-Воровка Джесси,Джесси,3,149,0,Чемпионат Мира,-
Майк-Повар,Динамайк,3,149,0,Закуска Старр,-
Тренер Майк,Динамайк,3,149,0,Футбол,-
Майк PSG,Динамайк,3,149,0,PSG,-
Классический Динамайк,Динамайк,3,0,0,Классические,-
Тэнгу Майк,Динамайк,3,149,0,Клан Аякаши,-
Султан Майк,Динамайк,3,149,0,Ранговый бой,-
Тик SHOOKY,Тик,3,149,0,BT21,-
8-БИТ из салуна,8-Бит,3,0,0,Brawl Pass,-
8-БИТ с привидениями,8-Бит,3,149,0,Зачарованный лес,-
Мажор Рико,Рико,3,149,0,=,-
Попкорн Рико,Рико,3,149,0,Бравливуд,-
Страж Рико,Рико,3,149,0,Пески времени,-
Цыпленок Рико,Рико,3,149,0,Клубная лига,-
Главный босс Рико,Рико,3,149,0,Ранговый бой,-
Мегаящик Дэррил,Дэррил,3,0,0,Мегаящик,+
Краш-Тестер Дэррил,Дэррил,3,149,0,Ранговый бой,-
Омегаящик Дэррил,Дэррил,3,0,0,Омегаящик,+
Кекс Дэррил,Дэррил,3,149,0,Конфетная страна,-
Контрабандистка Пенни,Пенни,3,149,0,Ранговый бой,-
Хозяйка енотов Пенни,Пенни,3,149,0,Brawl Pass,-
Капитан Карл,Карл,3,149,0,Пираты,-
Тёмный корсар Карл,Карл,3,149,39,Пираты,-
Сёрфер Карл,Карл,3,0,0,Brawl Pass,+
Байкер Карл,Карл,3,149,0,Brawl Pass,-
Султан Карл,Карл,3,149,0,Пески времени,-
Ультрабурильщица Джеки,Джеки,3,149,0,Роботы и монстры,-
Аквабайкер Джеки,Джеки,3,149,0,Ранговый бой,-
Джеки COOKY,Джеки,3,149,0,BT21,-
Чемпион мира Гас,Гас,3,149,0,Чемпионат Мира,-
Бо-Гор,Бо,3,149,0,Supercell Make,-
Инфернальный Бо,Бо,3,149,0,Supercell Make,-
Оса Бо,Бо,3,149,0,Ранговый бой,-
Суперфанатка Эмз,Эмз,3,149,0,Магазин сувениров,-
Диджей 3.M.Z.,Эмз,3,149,0,Supercell Make,-
Всадник без головы Сту,Сту,3,149,0,Хеллоуин,-
Санта Сту,Сту,3,149,0,Новый год,-
Романтичная Пайпер,Пайпер,3,149,0,День святого Валентина,-
Лунная Пайпер,Пайпер,3,149,0,Лунные истории,-
Бабочка Пайпер,Пайпер,3,149,0,Ранговый бой,-
Карнавальная Пайпер,Пайпер,3,149,0,Карнавал,-
Новогодний Фрэнк,Фрэнк,3,149,0,Новый год,-
Призрачный Рыцарь Фрэнк,Фрэнк,3,149,0,Supercell Make,-
Героиня Биби,Биби,3,149,0,Лунный новый год,+
Биби RJ,Биби,3,149,0,BT21,-
Зомби-Пиратка Биби,Биби,3,149,0,Проклятые пираты,-
Мегамуха Беа,Беа,3,149,0,Роботы и монстры,-
Золотая Нэко Беа,Беа,3,149,0,Милота,-
Нани SALLY,Нани,3,149,0,BROWN&FRIENDS,-
Орочи Эдгар,Эдгар,3,149,0,Лунный новый год,-
Доктор Эдгар,Эдгар,3,149,0,Биокупол,-
Эдгар TATA,Эдгар,3,149,0,BT21,-
Олень Грифф,Грифф,3,149,0,Новый год,-
Затонувший сундук Грифф,Грифф,3,149,0,Проклятые пираты,-
ФранкенГром,Гром,3,149,0,Хеллоуин,-
Императрица Бонни,Бонни,3,149,0,Космические злодеи,-
Торговец Гэйл,Гэйл,3,0,0,Brawl Pass,+
Щелкунчик Гэйл,Гэйл,3,149,0,Supercell Make,-
Охотник за Скуиками Гэйл,Гэйл,3,149,0,Бравливуд,-
Малефисента Колетт,Колетт,3,0,0,Brawl Pass,+
Гладиатор Колетт,Колетт,3,149,0,Supercell Make,-
Кондуктор Колетт,Колетт,3,149,0,Ранговый бой,-
Пинку Мяулетт,Колетт,3,0,0,Brawl Pass,-
Кииро Мяулетт,Колетт,3,0,0,Brawl Pass,-
Мидори Мяулетт,Колетт,3,0,0,Brawl Pass,-
Белль Голдхэнд,Белль,3,0,0,Brawl Pass,+
Коралл Белль,Белль,3,149,0,Лига морских глубин,-
Ниндзя Эш,Эш,3,0,0,Brawl Pass,+
Печь для пиццы Эш,Эш,3,149,0,Закуска Старр,-
Пиньята Эш,Эш,3,149,0,Ранговый бой,-
Бунтарка Лола,Лола,3,0,0,Brawl Pass,+
Кицуне Лола,Лола,3,149,0,Клан Аякаши,-
Лихая Лола,Лола,3,149,0,Ранговый бой,-
Кобра Лола,Лола,3,149,0,Ранговый бой,-
Модная Лола,Лола,3,149,0,Ретрополис,-
Цезарь Сэм,Сэм,3,149,0,Brawl Pass,-
Йети Сэм,Сэм,3,149,0,Тёмный новый год,-
Магмовая Мэнди,Мэнди,3,149,0,Brawl Pass,-
Ханбок Мэнди,Мэнди,3,149,0,Щедрый урожай,-
Королева джунглей Мэйси,Мэйси,3,0,0,Brawl Pass,-
Мародёрка Мэйси,Мэйси,3,149,0,Ранговый бой,-
Перл с перископом,Перл,3,0,0,Brawl Pass,-
Рокабильщик Мортис,Мортис,3,149,0,Ретрополис,-
Ночная Ведьма Мортис,Мортис,3,149,0,Clash of Clans,-
Коварный Мортис,Мортис,3,149,0,Пески времени,-
Хоккеист Мортис,Мортис,3,149,0,Чемпионат Мира,-
Бедовая Тара,Тара,3,149,0,Бандиты,-
Кочевница Тара,Тара,3,149,0,Пески времени,-
Яростная Тара,Тара,3,149,0,Чемпионат Мира,-
Злой Джин,Джин,3,149,0,Пески времени,-
Макс CONY,Макс,3,149,0,BROWN&FRIENDS,-
Лунный Спраут,Спраут,3,149,0,Лунные истории,-
Волшебник Байрон,Байрон,3,149,0,Ранговый бой,-
Повелитель Байрон,Байрон,3,149,0,Космические злодеи,-
Ботаник Скуик,Скуик,3,149,0,Академия Бравл,-
Король Лу,Лу,3,0,0,Brawl Pass,+
Каменный Тролль Лу,Лу,3,149,0,Ранговый бой,-
Ронин Гавс,Гавс,3,0,0,Brawl Pass,+
Гавс CHIMMY,Гавс,3,149,0,BT21,-
Плохиш Базз,Базз,3,0,0,Brawl Pass,+
Баззетта,Базз,3,149,0,Конфетная страна,-
Режиссёр Базз,Базз,3,149,0,Ранговый бой,-
Фенрир Базз,Базз,3,0,0,Brawl Pass,-
Тёмный Фенрир Базз,Базз,3,0,0,Brawl Pass,-
Красный Фенрир Базз,Базз,3,0,0,Brawl Pass,-
Неистовый Фэнг,Фэнг,3,0,0,Brawl Pass,+
Фэнг с тыквой,Фэнг,3,149,0,Supercell Make,-
Свирепый Фэнг,Фэнг,3,149,0,Лунный новый год,-
Красный питчер Фэнг,Фэнг,3,149,0,Супер Бравл,-
Синий питчер Фэнг,Фэнг,3,149,0,Супер Бравл,-
Колючая Ева,Ева,3,149,0,Brawl Pass,-
Байкерша Ева,Ева,3,149,0,Лунный новый год,-
Валькирия Джанет,Джанет,3,149,0,Brawl Pass,-
Тёмная Фея Джанет,Джанет,3,149,0,Зачарованный лес,-
ФараОтис,Отис,3,149,0,Brawl Pass,-
Они Отис,Отис,3,149,0,Клан Аякаши,-
Победитель Отис,Отис,3,149,0,Чемпионат Мира,-
Бастер с Бензопилой,Бастер,3,149,0,Brawl Pass,-
Крокодил Бастер,Бастер,3,149,0,Герои боя в джунглях,-
Алый R-T,RT,3,149,0,Brawl Pass,-
Цветочная Чарли,Чарли,3,0,0,Brawl Pass,-
Гринч Мико,Мико,3,149,0,Тёмный новый год,-
РобоСпайк,Спайк,3,149,0,Роботы и монстры,-
Тёмный Лорд Спайк,Спайк,3,149,0,Лунный новый год,-
Костяной Ворон,Ворон,3,149,0,Головорезы,-
Оборотень Леон,Леон,3,149,0,Хеллоуин,+
Лампа Сэнди,Сэнди,3,149,0,Пески времени,-
Сэнди KOYA,Сэнди,3,149,0,BT21,-
Палладин Вольт-Меха,Вольт,3,0,0,Brawl Pass,+
Кракен Вольт,Вольт,3,149,0,Supercell Make,-
Джинн Вольт,Вольт,3,149,0,Пески времени,-
Амбер Де Ла Вега,Амбер,3,149,0,Бандиты,-
Снежная королева Амбер,Амбер,3,149,0,Тёмный новый год,-
Монстр-тракер Мэг,Мэг,3,149,0,Экстрим-Шоу,-
Дух ягуара Мэг,Мэг,3,149,0,Ранговый бой,-
Локи Честер,Честер,3,149,0,Ранговый бой,-
Гриб-паразит Корделиус,Корделиус,3,0,0,Brawl Pass,-
Рейдер Корделиус,Корделиус,3,149,0,Пустоши,-
Один Корделиус,Корделиус,3,149,0,Рагнарек,-
Китбоксер,Кит,3,0,0,Brawl Pass,-
Китбоксер Тёмная Лапа,Кит,3,0,0,Brawl Pass,-
Китбоксер Золотая Лапа,Кит,3,0,0,Brawl Pass,-
Колдунья Шелли,Шелли,4,199,0,Хеллоуин,-
Зевс Брок,Брок,4,199,0,Легенды Олимпа,-
Эль Квотербек,Эль Примо,4,199,0,Супер Бравл,-
Скади Джесси,Джесси,4,199,0,Рагнарек,-
Майк с плесенью,Динамайк,4,199,0,Клубная лига,-
Цербер Тик,Тик,4,199,0,Легенды Олимпа,-
Арджуна Бо,Бо,4,199,0,Дорога воина,-
Верховный Бо,Бо,4,199,0,Дорога воина,-
Ванара Фрэнк,Фрэнк,4,199,0,Дорога воина,-
Арес Нани,Нани,4,199,0,Легенды Олимпа,-
Вор Эдгар,Эдгар,4,199,0,Пески времени,-
Равана Гром,Гром,4,199,0,Дорога воина,-
Родео Хэнк,Хэнк,4,199,0,Пустоши,-
Директор цирка Байрон,Байрон,4,199,0,Странный цирк,-
Лунная Джанет,Джанет,4,199,0,Лунные истории,-
Какашка Спайк,Спайк,4,199,0,День Дурака,-
Белый волк Леон,Леон,4,199,0,Хеллоуин,-
Мэгалодон,Мэг,4,199,0,Проклятые пираты,-
Нита с Бивнями,Нита,5,299,0,Странный цирк,-
Кольт-меха,Кольт,5,299,0,Меха-коллекция,-
Образцовый Кольт-меха,Кольт,5,299,49,Меха-коллекция,-
Отступник Кольт-меха,Кольт,5,299,49,Меха-коллекция,-
Робомайк,Динамайк,5,299,0,Роботы и монстры,-
Вирусный 8-Бит,8-Бит,5,299,0,Лунный новый год,+
Антивирус 8-Бит,8-Бит,5,299,0,Лунный новый год,-
Бо-меха,Бо,5,299,0,Меха-коллекция,-
Светлый Бо-меха,Бо,5,299,49,Меха-коллекция,-
Золотой Бо-меха,Бо,5,299,49,Меха-коллекция,-
Спортсмен Сту,Сту,5,299,0,Академия Бравл,-
Злая Королева Пэм,Пэм,5,299,0,Однажды в бою,-
Синий Король Фрэнк,Фрэнк,5,299,0,Clash of Clans,-
Красный Король Фрэнк,Фрэнк,5,299,0,Clash of Clans,-
Тор Биби,Биби,5,299,0,Рагнарек,-
Эдгар-Меха,Эдгар,5,299,0,Меха-коллекция,-
Эдгар-Меха Модель 00,Эдгар,5,299,49,Меха-коллекция,-
Эдгар-Меха Модель 01,Эдгар,5,299,49,Меха-коллекция,-
Мортис-Меха,Мортис,5,299,0,Меха-коллекция,-
Светлый Мортис-Меха,Мортис,5,299,49,Меха-коллекция,-
Тёмный Мортис-Меха,Мортис,5,299,49,Меха-коллекция,-
Пустынный скорпион Чак,Чак,5,299,0,Пески времени,-
Сунь Укун Мико,Мико,5,299,0,Лунный новый год,-
Мультяшка Спайк,Спайк,5,299,0,Мультипликационная студия,-
Ворон-Феникс,Ворон,5,299,0,Феникс,-
Ворон-Меха,Ворон,5,299,0,Меха-коллекция,-
Тёмный Ворон-Меха,Ворон,5,299,49,Меха-коллекция,-
Золотой Ворон-Меха,Ворон,5,299,49,Меха-коллекция,-
Леон-Меха,Леон,5,299,0,Меха-коллекция,-
Теневой Леон-Меха,Леон,5,299,49,Меха-коллекция,-
Сияющий Леон-Меха,Леон,5,299,49,Меха-коллекция,-